Date,HomeTeam,AwayTeam,HomeMatchesBefore,HomeGoalsForBefore,HomeGoalsAgainstBefore,HomePointsBefore,AwayMatchesBefore,AwayGoalsForBefore,AwayGoalsAgainstBefore,AwayPointsBefore,FTR,HomeAvgGoalsFor,HomeAvgGoalsAgainst,AwayAvgGoalsFor,AwayAvgGoalsAgainst,HomePointsPerMatch,AwayPointsPerMatch,AttackDifference,DefenseDifference,PointsDifference
2025-08-15,Liverpool,Bournemouth,0,0,0,0,0,0,0,0,H,0.0,0.0,0.0,0.0,0.0,0.0,0.0,0.0,0.0
2025-08-16,Aston Villa,Newcastle,0,0,0,0,0,0,0,0,D,0.0,0.0,0.0,0.0,0.0,0.0,0.0,0.0,0.0
2025-08-16,Brighton,Fulham,0,0,0,0,0,0,0,0,D,0.0,0.0,0.0,0.0,0.0,0.0,0.0,0.0,0.0
2025-08-16,Sunderland,West Ham,0,0,0,0,0,0,0,0,H,0.0,0.0,0.0,0.0,0.0,0.0,0.0,0.0,0.0
2025-08-16,Tottenham,Burnley,0,0,0,0,0,0,0,0,H,0.0,0.0,0.0,0.0,0.0,0.0,0.0,0.0,0.0
2025-08-16,Wolves,Man City,0,0,0,0,0,0,0,0,A,0.0,0.0,0.0,0.0,0.0,0.0,0.0,0.0,0.0
2025-08-17,Chelsea,Crystal Palace,0,0,0,0,0,0,0,0,D,0.0,0.0,0.0,0.0,0.0,0.0,0.0,0.0,0.0
2025-08-17,Nott'm Forest,Brentford,0,0,0,0,0,0,0,0,H,0.0,0.0,0.0,0.0,0.0,0.0,0.0,0.0,0.0
2025-08-17,Man United,Arsenal,0,0,0,0,0,0,0,0,A,0.0,0.0,0.0,0.0,0.0,0.0,0.0,0.0,0.0
2025-08-18,Leeds,Everton,0,0,0,0,0,0,0,0,H,0.0,0.0,0.0,0.0,0.0,0.0,0.0,0.0,0.0
2025-08-22,West Ham,Chelsea,1,0,3,0,1,0,0,1,A,0.0,3.0,0.0,0.0,0.0,1.0,0.0,-3.0,-1.0
2025-08-23,Arsenal,Leeds,1,1,0,3,1,1,0,3,H,1.0,0.0,1.0,0.0,3.0,3.0,0.0,0.0,0.0
2025-08-23,Burnley,Sunderland,1,0,3,0,1,3,0,3,H,0.0,3.0,3.0,0.0,0.0,3.0,-3.0,-3.0,-3.0
2025-08-23,Man City,Tottenham,1,4,0,3,1,3,0,3,A,4.0,0.0,3.0,0.0,3.0,3.0,1.0,0.0,0.0
2025-08-23,Bournemouth,Wolves,1,2,4,0,1,0,4,0,H,2.0,4.0,0.0,4.0,0.0,0.0,2.0,0.0,0.0
2025-08-23,Brentford,Aston Villa,1,1,3,0,1,0,0,1,H,1.0,3.0,0.0,0.0,0.0,1.0,1.0,-3.0,-1.0
2025-08-24,Crystal Palace,Nott'm Forest,1,0,0,1,1,3,1,3,D,0.0,0.0,3.0,1.0,1.0,3.0,-3.0,1.0,-2.0
2025-08-24,Everton,Brighton,1,0,1,0,1,1,1,1,H,0.0,1.0,1.0,1.0,0.0,1.0,-1.0,0.0,-1.0
2025-08-24,Fulham,Man United,1,1,1,1,1,0,1,0,D,1.0,1.0,0.0,1.0,1.0,0.0,1.0,0.0,1.0
2025-08-25,Newcastle,Liverpool,1,0,0,1,1,4,2,3,A,0.0,0.0,4.0,2.0,1.0,3.0,-4.0,2.0,-2.0
2025-08-30,Wolves,Everton,2,0,5,0,2,2,1,3,A,0.0,2.5,1.0,0.5,0.0,1.5,-1.0,-2.0,-1.5
2025-08-30,Leeds,Newcastle,2,1,5,3,2,2,3,1,D,0.5,2.5,1.0,1.5,1.5,0.5,-0.5,-1.0,1.0
2025-08-30,Tottenham,Bournemouth,2,5,0,6,2,3,4,3,A,2.5,0.0,1.5,2.0,3.0,1.5,1.0,2.0,1.5
2025-08-30,Man United,Burnley,2,1,2,1,2,2,3,3,H,0.5,1.0,1.0,1.5,0.5,1.5,-0.5,0.5,-1.0
2025-08-30,Chelsea,Fulham,2,5,1,4,2,2,2,2,H,2.5,0.5,1.0,1.0,2.0,1.0,1.5,0.5,1.0
2025-08-30,Sunderland,Brentford,2,3,2,3,2,2,3,3,H,1.5,1.0,1.0,1.5,1.5,1.5,0.5,0.5,0.0
2025-08-31,Brighton,Man City,2,1,3,1,2,4,2,3,H,0.5,1.5,2.0,1.0,0.5,1.5,-1.5,-0.5,-1.0
2025-08-31,Nott'm Forest,West Ham,2,4,2,4,2,1,8,0,A,2.0,1.0,0.5,4.0,2.0,0.0,1.5,3.0,2.0
2025-08-31,Liverpool,Arsenal,2,7,4,6,2,6,0,6,H,3.5,2.0,3.0,0.0,3.0,3.0,0.5,-2.0,0.0
2025-08-31,Aston Villa,Crystal Palace,2,0,1,1,2,1,1,2,A,0.0,0.5,0.5,0.5,0.5,1.0,-0.5,0.0,-0.5
2025-09-13,Everton,Aston Villa,3,5,3,6,3,0,4,1,D,1.6666666666666667,1.0,0.0,1.3333333333333333,2.0,0.3333333333333333,1.6666666666666667,0.33333333333333326,1.6666666666666667
2025-09-13,Arsenal,Nott'm Forest,3,6,1,6,3,4,5,4,H,2.0,0.3333333333333333,1.3333333333333333,1.6666666666666667,2.0,1.3333333333333333,0.6666666666666667,1.3333333333333335,0.6666666666666667
2025-09-13,Bournemouth,Brighton,3,4,4,6,3,3,4,4,H,1.3333333333333333,1.3333333333333333,1.0,1.3333333333333333,2.0,1.3333333333333333,0.33333333333333326,0.0,0.6666666666666667
2025-09-13,Crystal Palace,Sunderland,3,4,1,5,3,5,3,6,D,1.3333333333333333,0.3333333333333333,1.6666666666666667,1.0,1.6666666666666667,2.0,-0.3333333333333335,0.6666666666666667,-0.33333333333333326
2025-09-13,Fulham,Leeds,3,2,4,2,3,1,5,4,H,0.6666666666666666,1.3333333333333333,0.3333333333333333,1.6666666666666667,0.6666666666666666,1.3333333333333333,0.3333333333333333,0.3333333333333335,-0.6666666666666666
2025-09-13,Newcastle,Wolves,3,2,3,2,3,2,8,0,H,0.6666666666666666,1.0,0.6666666666666666,2.6666666666666665,0.6666666666666666,0.0,0.0,1.6666666666666665,0.6666666666666666
2025-09-13,West Ham,Tottenham,3,4,8,3,3,5,1,6,A,1.3333333333333333,2.6666666666666665,1.6666666666666667,0.3333333333333333,1.0,2.0,-0.3333333333333335,-2.333333333333333,-1.0
2025-09-13,Brentford,Chelsea,3,3,5,3,3,7,1,7,D,1.0,1.6666666666666667,2.3333333333333335,0.3333333333333333,1.0,2.3333333333333335,-1.3333333333333335,-1.3333333333333335,-1.3333333333333335
2025-09-14,Burnley,Liverpool,3,4,6,3,3,8,4,9,A,1.3333333333333333,2.0,2.6666666666666665,1.3333333333333333,1.0,3.0,-1.3333333333333333,-0.6666666666666667,-2.0
2025-09-14,Man City,Man United,3,5,4,3,3,4,4,4,H,1.6666666666666667,1.3333333333333333,1.3333333333333333,1.3333333333333333,1.0,1.3333333333333333,0.3333333333333335,0.0,-0.33333333333333326
2025-09-20,Wolves,Leeds,4,2,9,0,4,1,6,4,A,0.5,2.25,0.25,1.5,0.0,1.0,0.25,-0.75,-1.0
2025-09-20,Man United,Chelsea,4,4,7,4,4,9,3,8,H,1.0,1.75,2.25,0.75,1.0,2.0,-1.25,-1.0,-1.0
2025-09-20,West Ham,Crystal Palace,4,4,11,3,4,4,1,6,A,1.0,2.75,1.0,0.25,0.75,1.5,0.0,-2.5,-0.75
2025-09-20,Fulham,Brentford,4,3,4,5,4,5,7,4,H,0.75,1.0,1.25,1.75,1.25,1.0,-0.5,0.75,0.25
2025-09-20,Brighton,Tottenham,4,4,6,4,4,8,1,9,D,1.0,1.5,2.0,0.25,1.0,2.25,-1.0,-1.25,-1.25
2025-09-20,Liverpool,Everton,4,9,4,12,4,5,3,7,H,2.25,1.0,1.25,0.75,3.0,1.75,1.0,-0.25,1.25
2025-09-20,Burnley,Nott'm Forest,4,4,7,3,4,4,8,4,D,1.0,1.75,1.0,2.0,0.75,1.0,0.0,0.25,-0.25
2025-09-21,Bournemouth,Newcastle,4,6,5,9,4,3,3,5,D,1.5,1.25,0.75,0.75,2.25,1.25,0.75,-0.5,1.0
2025-09-21,Sunderland,Aston Villa,4,5,3,7,4,0,4,2,D,1.25,0.75,0.0,1.0,1.75,0.5,1.25,0.25,1.25
2025-09-21,Arsenal,Man City,4,9,1,9,4,8,4,6,D,2.25,0.25,2.0,1.0,2.25,1.5,0.25,0.75,0.75
2025-09-27,Tottenham,Wolves,5,10,3,10,5,3,12,0,D,2.0,0.6,0.6,2.4,2.0,0.0,1.4,1.7999999999999998,2.0
2025-09-27,Man City,Burnley,5,9,5,7,5,5,8,4,H,1.8,1.0,1.0,1.6,1.4,0.8,0.8,0.6000000000000001,0.5999999999999999
2025-09-27,Leeds,Bournemouth,5,4,7,7,5,6,5,10,D,0.8,1.4,1.2,1.0,1.4,2.0,-0.3999999999999999,-0.3999999999999999,-0.6000000000000001
2025-09-27,Nott'm Forest,Sunderland,5,5,9,5,5,6,4,8,A,1.0,1.8,1.2,0.8,1.0,1.6,-0.19999999999999996,-1.0,-0.6000000000000001
2025-09-27,Chelsea,Brighton,5,10,5,8,5,6,8,5,A,2.0,1.0,1.2,1.6,1.6,1.0,0.8,0.6000000000000001,0.6000000000000001
2025-09-27,Brentford,Man United,5,6,10,4,5,6,8,7,H,1.2,2.0,1.2,1.6,0.8,1.4,0.0,-0.3999999999999999,-0.5999999999999999
2025-09-27,Crystal Palace,Liverpool,5,6,2,9,5,11,5,15,H,1.2,0.4,2.2,1.0,1.8,3.0,-1.0000000000000002,0.6,-1.2
2025-09-28,Aston Villa,Fulham,5,1,5,3,5,6,5,8,H,0.2,1.0,1.2,1.0,0.6,1.6,-1.0,0.0,-1.0
2025-09-28,Newcastle,Arsenal,5,3,3,6,5,10,2,10,A,0.6,0.6,2.0,0.4,1.2,2.0,-1.4,-0.19999999999999996,-0.8
2025-09-29,Everton,West Ham,5,6,5,7,5,5,13,3,D,1.2,1.0,1.0,2.6,1.4,0.6,0.19999999999999996,1.6,0.7999999999999999
2025-10-03,Bournemouth,Fulham,6,8,7,11,6,7,8,8,H,1.3333333333333333,1.1666666666666667,1.1666666666666667,1.3333333333333333,1.8333333333333333,1.3333333333333333,0.16666666666666652,0.16666666666666652,0.5
2025-10-04,Leeds,Tottenham,6,6,9,8,6,11,4,11,A,1.0,1.5,1.8333333333333333,0.6666666666666666,1.3333333333333333,1.8333333333333333,-0.8333333333333333,-0.8333333333333334,-0.5
2025-10-04,Arsenal,West Ham,6,12,3,13,6,6,14,4,H,2.0,0.5,1.0,2.3333333333333335,2.1666666666666665,0.6666666666666666,1.0,1.8333333333333335,1.5
2025-10-04,Man United,Sunderland,6,7,11,7,6,7,4,11,H,1.1666666666666667,1.8333333333333333,1.1666666666666667,0.6666666666666666,1.1666666666666667,1.8333333333333333,0.0,-1.1666666666666665,-0.6666666666666665
2025-10-04,Chelsea,Liverpool,6,11,8,8,6,12,7,15,H,1.8333333333333333,1.3333333333333333,2.0,1.1666666666666667,1.3333333333333333,2.5,-0.16666666666666674,-0.16666666666666652,-1.1666666666666667
2025-10-05,Brentford,Man City,6,9,11,7,6,14,6,10,A,1.5,1.8333333333333333,2.3333333333333335,1.0,1.1666666666666667,1.6666666666666667,-0.8333333333333335,-0.8333333333333333,-0.5
2025-10-05,Newcastle,Nott'm Forest,6,4,5,6,6,5,10,5,H,0.6666666666666666,0.8333333333333334,0.8333333333333334,1.6666666666666667,1.0,0.8333333333333334,-0.16666666666666674,0.8333333333333334,0.16666666666666663
2025-10-05,Wolves,Brighton,6,4,13,1,6,9,9,8,D,0.6666666666666666,2.1666666666666665,1.5,1.5,0.16666666666666666,1.3333333333333333,-0.8333333333333334,-0.6666666666666665,-1.1666666666666665
2025-10-05,Aston Villa,Burnley,6,4,6,6,6,6,13,4,H,0.6666666666666666,1.0,1.0,2.1666666666666665,1.0,0.6666666666666666,-0.33333333333333337,1.1666666666666665,0.33333333333333337
2025-10-05,Everton,Crystal Palace,6,7,6,8,6,8,3,12,H,1.1666666666666667,1.0,1.3333333333333333,0.5,1.3333333333333333,2.0,-0.16666666666666652,-0.5,-0.6666666666666667
2025-10-18,Nott'm Forest,Chelsea,7,5,12,5,7,13,9,11,A,0.7142857142857143,1.7142857142857142,1.8571428571428572,1.2857142857142858,0.7142857142857143,1.5714285714285714,-1.1428571428571428,-0.4285714285714284,-0.8571428571428571
2025-10-18,Brighton,Newcastle,7,10,10,9,7,6,5,9,H,1.4285714285714286,1.4285714285714286,0.8571428571428571,0.7142857142857143,1.2857142857142858,1.2857142857142858,0.5714285714285715,-0.7142857142857143,0.0
2025-10-18,Burnley,Leeds,7,7,15,4,7,7,11,8,H,1.0,2.142857142857143,1.0,1.5714285714285714,0.5714285714285714,1.1428571428571428,0.0,-0.5714285714285714,-0.5714285714285714
2025-10-18,Crystal Palace,Bournemouth,7,9,5,12,7,11,8,14,D,1.2857142857142858,0.7142857142857143,1.5714285714285714,1.1428571428571428,1.7142857142857142,2.0,-0.2857142857142856,0.4285714285714285,-0.2857142857142858
2025-10-18,Man City,Everton,7,15,6,13,7,9,7,11,H,2.142857142857143,0.8571428571428571,1.2857142857142858,1.0,1.8571428571428572,1.5714285714285714,0.857142857142857,0.1428571428571429,0.2857142857142858
2025-10-18,Sunderland,Wolves,7,7,6,11,7,5,14,2,H,1.0,0.8571428571428571,0.7142857142857143,2.0,1.5714285714285714,0.2857142857142857,0.2857142857142857,1.1428571428571428,1.2857142857142856
2025-10-18,Fulham,Arsenal,7,8,11,8,7,14,3,16,A,1.1428571428571428,1.5714285714285714,2.0,0.42857142857142855,1.1428571428571428,2.2857142857142856,-0.8571428571428572,-1.1428571428571428,-1.1428571428571428
2025-10-19,Tottenham,Aston Villa,7,13,5,14,7,6,7,9,A,1.8571428571428572,0.7142857142857143,0.8571428571428571,1.0,2.0,1.2857142857142858,1.0,0.2857142857142857,0.7142857142857142
2025-10-19,Liverpool,Man United,7,13,9,15,7,9,11,10,A,1.8571428571428572,1.2857142857142858,1.2857142857142858,1.5714285714285714,2.142857142857143,1.4285714285714286,0.5714285714285714,0.2857142857142856,0.7142857142857142
2025-10-20,West Ham,Brentford,7,6,16,4,7,9,12,7,A,0.8571428571428571,2.2857142857142856,1.2857142857142858,1.7142857142857142,0.5714285714285714,1.0,-0.4285714285714287,-0.5714285714285714,-0.4285714285714286
2025-10-24,Leeds,West Ham,8,7,13,8,8,6,18,4,H,0.875,1.625,0.75,2.25,1.0,0.5,0.125,0.625,0.5
2025-10-25,Chelsea,Sunderland,8,16,9,14,8,9,6,14,A,2.0,1.125,1.125,0.75,1.75,1.75,0.875,-0.375,0.0
2025-10-25,Newcastle,Fulham,8,7,7,9,8,8,12,8,H,0.875,0.875,1.0,1.5,1.125,1.0,-0.125,0.625,0.125
2025-10-25,Man United,Brighton,8,11,12,13,8,12,11,12,H,1.375,1.5,1.5,1.375,1.625,1.5,-0.125,-0.125,0.125
2025-10-25,Brentford,Liverpool,8,11,12,10,8,14,11,15,H,1.375,1.5,1.75,1.375,1.25,1.875,-0.375,-0.125,-0.625
2025-10-26,Arsenal,Crystal Palace,8,15,3,19,8,12,8,13,H,1.875,0.375,1.5,1.0,2.375,1.625,0.375,0.625,0.75
2025-10-26,Aston Villa,Man City,8,8,8,12,8,17,6,16,H,1.0,1.0,2.125,0.75,1.5,2.0,-1.125,-0.25,-0.5
2025-10-26,Bournemouth,Nott'm Forest,8,14,11,15,8,5,15,5,H,1.75,1.375,0.625,1.875,1.875,0.625,1.125,0.5,1.25
2025-10-26,Wolves,Burnley,8,5,16,2,8,9,15,7,A,0.625,2.0,1.125,1.875,0.25,0.875,-0.5,-0.125,-0.625
2025-10-26,Everton,Tottenham,8,9,9,11,8,14,7,14,A,1.125,1.125,1.75,0.875,1.375,1.75,-0.625,-0.25,-0.375
2025-11-01,Liverpool,Aston Villa,9,16,14,15,9,9,8,15,H,1.7777777777777777,1.5555555555555556,1.0,0.8888888888888888,1.6666666666666667,1.6666666666666667,0.7777777777777777,-0.6666666666666667,0.0
2025-11-01,Tottenham,Chelsea,9,17,7,17,9,17,11,14,A,1.8888888888888888,0.7777777777777778,1.8888888888888888,1.2222222222222223,1.8888888888888888,1.5555555555555556,0.0,0.44444444444444453,0.33333333333333326
2025-11-01,Nott'm Forest,Man United,9,5,17,5,9,15,14,16,D,0.5555555555555556,1.8888888888888888,1.6666666666666667,1.5555555555555556,0.5555555555555556,1.7777777777777777,-1.1111111111111112,-0.33333333333333326,-1.222222222222222
2025-11-01,Fulham,Wolves,9,9,14,8,9,7,19,2,H,1.0,1.5555555555555556,0.7777777777777778,2.111111111111111,0.8888888888888888,0.2222222222222222,0.2222222222222222,0.5555555555555556,0.6666666666666666
2025-11-01,Crystal Palace,Brentford,9,12,9,13,9,14,14,13,H,1.3333333333333333,1.0,1.5555555555555556,1.5555555555555556,1.4444444444444444,1.4444444444444444,-0.22222222222222232,0.5555555555555556,0.0
2025-11-01,Burnley,Arsenal,9,12,17,10,9,16,3,22,A,1.3333333333333333,1.8888888888888888,1.7777777777777777,0.3333333333333333,1.1111111111111112,2.4444444444444446,-0.4444444444444444,-1.5555555555555556,-1.3333333333333335
2025-11-01,Brighton,Leeds,9,14,15,12,9,9,14,11,H,1.5555555555555556,1.6666666666666667,1.0,1.5555555555555556,1.3333333333333333,1.2222222222222223,0.5555555555555556,-0.11111111111111116,0.11111111111111094
2025-11-02,West Ham,Newcastle,9,7,20,4,9,9,8,12,H,0.7777777777777778,2.2222222222222223,1.0,0.8888888888888888,0.4444444444444444,1.3333333333333333,-0.2222222222222222,-1.3333333333333335,-0.8888888888888888
2025-11-02,Man City,Bournemouth,9,17,7,16,9,16,11,18,H,1.8888888888888888,0.7777777777777778,1.7777777777777777,1.2222222222222223,1.7777777777777777,2.0,0.11111111111111116,0.44444444444444453,-0.22222222222222232
2025-11-03,Sunderland,Everton,9,11,7,17,9,9,12,11,D,1.2222222222222223,0.7777777777777778,1.0,1.3333333333333333,1.8888888888888888,1.2222222222222223,0.22222222222222232,0.5555555555555555,0.6666666666666665
2025-11-08,Tottenham,Man United,10,17,8,17,10,17,16,17,D,1.7,0.8,1.7,1.6,1.7,1.7,0.0,0.8,0.0
2025-11-08,Everton,Fulham,10,10,13,12,10,12,14,11,H,1.0,1.3,1.2,1.4,1.2,1.1,-0.19999999999999996,0.09999999999999987,0.09999999999999987
2025-11-08,West Ham,Burnley,10,10,21,7,10,12,19,10,H,1.0,2.1,1.2,1.9,0.7,1.0,-0.19999999999999996,-0.20000000000000018,-0.30000000000000004
2025-11-08,Sunderland,Arsenal,10,12,8,18,10,18,3,25,D,1.2,0.8,1.8,0.3,1.8,2.5,-0.6000000000000001,-0.5,-0.7
2025-11-08,Chelsea,Wolves,10,18,11,17,10,7,22,2,H,1.8,1.1,0.7,2.2,1.7,0.2,1.1,1.1,1.5
2025-11-09,Man City,Liverpool,10,20,8,19,10,18,14,18,H,2.0,0.8,1.8,1.4,1.9,1.8,0.19999999999999996,0.5999999999999999,0.09999999999999987
2025-11-09,Nott'm Forest,Leeds,10,7,19,6,10,9,17,11,H,0.7,1.9,0.9,1.7,0.6,1.1,-0.20000000000000007,-0.19999999999999996,-0.5000000000000001
2025-11-09,Aston Villa,Bournemouth,10,9,10,15,10,17,14,18,H,0.9,1.0,1.7,1.4,1.5,1.8,-0.7999999999999999,0.3999999999999999,-0.30000000000000004
2025-11-09,Brentford,Newcastle,10,14,16,13,10,10,11,12,H,1.4,1.6,1.0,1.1,1.3,1.2,0.3999999999999999,-0.5,0.10000000000000009
2025-11-09,Crystal Palace,Brighton,10,14,9,16,10,17,15,15,D,1.4,0.9,1.7,1.5,1.6,1.5,-0.30000000000000004,0.6,0.10000000000000009
2025-11-22,Wolves,Crystal Palace,11,7,25,2,11,14,9,17,A,0.6363636363636364,2.272727272727273,1.2727272727272727,0.8181818181818182,0.18181818181818182,1.5454545454545454,-0.6363636363636364,-1.4545454545454546,-1.3636363636363635
2025-11-22,Burnley,Chelsea,11,14,22,10,11,21,11,20,A,1.2727272727272727,2.0,1.9090909090909092,1.0,0.9090909090909091,1.8181818181818181,-0.6363636363636365,-1.0,-0.9090909090909091
2025-11-22,Bournemouth,West Ham,11,17,18,18,11,13,23,10,D,1.5454545454545454,1.6363636363636365,1.1818181818181819,2.090909090909091,1.6363636363636365,0.9090909090909091,0.36363636363636354,0.45454545454545436,0.7272727272727274
2025-11-22,Brighton,Brentford,11,17,15,16,11,17,17,16,H,1.5454545454545454,1.3636363636363635,1.5454545454545454,1.5454545454545454,1.4545454545454546,1.4545454545454546,0.0,0.18181818181818188,0.0
2025-11-22,Fulham,Sunderland,11,12,16,11,11,14,10,19,H,1.0909090909090908,1.4545454545454546,1.2727272727272727,0.9090909090909091,1.0,1.7272727272727273,-0.18181818181818188,-0.5454545454545455,-0.7272727272727273
2025-11-22,Liverpool,Nott'm Forest,11,18,17,18,11,10,20,9,A,1.6363636363636365,1.5454545454545454,0.9090909090909091,1.8181818181818181,1.6363636363636365,0.8181818181818182,0.7272727272727274,0.2727272727272727,0.8181818181818182
2025-11-22,Newcastle,Man City,11,11,14,12,11,23,8,22,H,1.0,1.2727272727272727,2.090909090909091,0.7272727272727273,1.0909090909090908,2.0,-1.0909090909090908,-0.5454545454545454,-0.9090909090909092
2025-11-23,Arsenal,Tottenham,11,20,5,26,11,19,10,18,H,1.8181818181818181,0.45454545454545453,1.7272727272727273,0.9090909090909091,2.3636363636363638,1.6363636363636365,0.09090909090909083,0.45454545454545453,0.7272727272727273
2025-11-23,Leeds,Aston Villa,11,10,20,11,11,13,10,18,A,0.9090909090909091,1.8181818181818181,1.1818181818181819,0.9090909090909091,1.0,1.6363636363636365,-0.2727272727272728,-0.9090909090909091,-0.6363636363636365
2025-11-24,Man United,Everton,11,19,18,18,11,12,13,15,A,1.7272727272727273,1.6363636363636365,1.0909090909090908,1.1818181818181819,1.6363636363636365,1.3636363636363635,0.6363636363636365,-0.4545454545454546,0.27272727272727293
2025-11-29,Brentford,Burnley,12,18,19,16,12,14,24,10,H,1.5,1.5833333333333333,1.1666666666666667,2.0,1.3333333333333333,0.8333333333333334,0.33333333333333326,0.41666666666666674,0.4999999999999999
2025-11-29,Man City,Leeds,12,24,10,22,12,11,22,11,H,2.0,0.8333333333333334,0.9166666666666666,1.8333333333333333,1.8333333333333333,0.9166666666666666,1.0833333333333335,0.9999999999999999,0.9166666666666666
2025-11-29,Sunderland,Bournemouth,12,14,11,19,12,19,20,19,H,1.1666666666666667,0.9166666666666666,1.5833333333333333,1.6666666666666667,1.5833333333333333,1.5833333333333333,-0.4166666666666665,0.7500000000000001,0.0
2025-11-29,Everton,Newcastle,12,13,13,18,12,13,15,15,A,1.0833333333333333,1.0833333333333333,1.0833333333333333,1.25,1.5,1.25,0.0,0.16666666666666674,0.25
2025-11-29,Tottenham,Fulham,12,20,14,18,12,13,16,14,A,1.6666666666666667,1.1666666666666667,1.0833333333333333,1.3333333333333333,1.5,1.1666666666666667,0.5833333333333335,0.16666666666666652,0.33333333333333326
2025-11-30,West Ham,Liverpool,12,15,25,11,12,18,20,18,A,1.25,2.0833333333333335,1.5,1.6666666666666667,0.9166666666666666,1.5,-0.25,-0.41666666666666674,-0.5833333333333334
2025-11-30,Crystal Palace,Man United,12,16,9,20,12,19,19,18,A,1.3333333333333333,0.75,1.5833333333333333,1.5833333333333333,1.6666666666666667,1.5,-0.25,0.8333333333333333,0.16666666666666674
2025-11-30,Aston Villa,Wolves,12,15,11,21,12,7,27,2,H,1.25,0.9166666666666666,0.5833333333333334,2.25,1.75,0.16666666666666666,0.6666666666666666,1.3333333333333335,1.5833333333333333
2025-11-30,Nott'm Forest,Brighton,12,13,20,12,12,19,16,19,A,1.0833333333333333,1.6666666666666667,1.5833333333333333,1.3333333333333333,1.0,1.5833333333333333,-0.5,-0.3333333333333335,-0.5833333333333333
2025-11-30,Chelsea,Arsenal,12,23,11,23,12,24,6,29,D,1.9166666666666667,0.9166666666666666,2.0,0.5,1.9166666666666667,2.4166666666666665,-0.08333333333333326,-0.41666666666666663,-0.4999999999999998
2025-12-02,Newcastle,Tottenham,13,17,16,18,13,21,16,18,D,1.3076923076923077,1.2307692307692308,1.6153846153846154,1.2307692307692308,1.3846153846153846,1.3846153846153846,-0.3076923076923077,0.0,0.0
2025-12-02,Bournemouth,Everton,13,21,23,19,13,14,17,18,A,1.6153846153846154,1.7692307692307692,1.0769230769230769,1.3076923076923077,1.4615384615384615,1.3846153846153846,0.5384615384615385,-0.46153846153846145,0.07692307692307687
2025-12-02,Fulham,Man City,13,15,17,17,13,27,12,25,A,1.1538461538461537,1.3076923076923077,2.076923076923077,0.9230769230769231,1.3076923076923077,1.9230769230769231,-0.9230769230769234,-0.3846153846153846,-0.6153846153846154
2025-12-03,Liverpool,Sunderland,13,20,20,21,13,17,13,22,D,1.5384615384615385,1.5384615384615385,1.3076923076923077,1.0,1.6153846153846154,1.6923076923076923,0.23076923076923084,-0.5384615384615385,-0.07692307692307687
2025-12-03,Arsenal,Brentford,13,25,7,30,13,21,20,19,H,1.9230769230769231,0.5384615384615384,1.6153846153846154,1.5384615384615385,2.3076923076923075,1.4615384615384615,0.3076923076923077,1.0,0.846153846153846
2025-12-03,Brighton,Aston Villa,13,21,16,22,13,16,11,24,A,1.6153846153846154,1.2307692307692308,1.2307692307692308,0.8461538461538461,1.6923076923076923,1.8461538461538463,0.3846153846153846,-0.3846153846153847,-0.15384615384615397
2025-12-03,Burnley,Crystal Palace,13,15,27,10,13,17,11,20,A,1.1538461538461537,2.076923076923077,1.3076923076923077,0.8461538461538461,0.7692307692307693,1.5384615384615385,-0.15384615384615397,-1.2307692307692308,-0.7692307692307693
2025-12-03,Wolves,Nott'm Forest,13,7,28,2,13,13,22,12,A,0.5384615384615384,2.1538461538461537,1.0,1.6923076923076923,0.15384615384615385,0.9230769230769231,-0.46153846153846156,-0.46153846153846145,-0.7692307692307693
2025-12-03,Leeds,Chelsea,13,13,25,11,13,24,12,24,H,1.0,1.9230769230769231,1.8461538461538463,0.9230769230769231,0.8461538461538461,1.8461538461538463,-0.8461538461538463,-1.0,-1.0
2025-12-04,Man United,West Ham,13,21,20,21,13,15,27,11,D,1.6153846153846154,1.5384615384615385,1.1538461538461537,2.076923076923077,1.6153846153846154,0.8461538461538461,0.4615384615384617,0.5384615384615385,0.7692307692307693
2025-12-06,Tottenham,Brentford,14,23,18,19,14,21,22,19,H,1.6428571428571428,1.2857142857142858,1.5,1.5714285714285714,1.3571428571428572,1.3571428571428572,0.1428571428571428,0.2857142857142856,0.0
2025-12-06,Leeds,Liverpool,14,16,26,14,14,21,21,22,D,1.1428571428571428,1.8571428571428572,1.5,1.5,1.0,1.5714285714285714,-0.3571428571428572,-0.3571428571428572,-0.5714285714285714
2025-12-06,Newcastle,Burnley,14,19,18,19,14,15,28,10,H,1.3571428571428572,1.2857142857142858,1.0714285714285714,2.0,1.3571428571428572,0.7142857142857143,0.2857142857142858,0.7142857142857142,0.6428571428571429
2025-12-06,Aston Villa,Arsenal,14,20,14,27,14,27,7,33,H,1.4285714285714286,1.0,1.9285714285714286,0.5,1.9285714285714286,2.357142857142857,-0.5,-0.5,-0.4285714285714286
2025-12-06,Everton,Nott'm Forest,14,15,17,21,14,14,22,15,H,1.0714285714285714,1.2142857142857142,1.0,1.5714285714285714,1.5,1.0714285714285714,0.0714285714285714,0.3571428571428572,0.4285714285714286
2025-12-06,Bournemouth,Chelsea,14,21,24,19,14,25,15,24,D,1.5,1.7142857142857142,1.7857142857142858,1.0714285714285714,1.3571428571428572,1.7142857142857142,-0.2857142857142858,-0.6428571428571428,-0.357142857142857
2025-12-06,Man City,Sunderland,14,32,16,28,14,18,14,23,H,2.2857142857142856,1.1428571428571428,1.2857142857142858,1.0,2.0,1.6428571428571428,0.9999999999999998,-0.1428571428571428,0.3571428571428572
2025-12-07,Brighton,West Ham,14,24,20,22,14,16,28,12,D,1.7142857142857142,1.4285714285714286,1.1428571428571428,2.0,1.5714285714285714,0.8571428571428571,0.5714285714285714,0.5714285714285714,0.7142857142857143
2025-12-07,Fulham,Crystal Palace,14,19,22,17,14,18,11,23,A,1.3571428571428572,1.5714285714285714,1.2857142857142858,0.7857142857142857,1.2142857142857142,1.6428571428571428,0.0714285714285714,-0.7857142857142857,-0.4285714285714286
2025-12-08,Wolves,Man United,14,7,29,2,14,22,21,22,A,0.5,2.0714285714285716,1.5714285714285714,1.5,0.14285714285714285,1.5714285714285714,-1.0714285714285714,-0.5714285714285716,-1.4285714285714286
2025-12-13,Burnley,Fulham,15,16,30,10,15,20,24,17,A,1.0666666666666667,2.0,1.3333333333333333,1.6,0.6666666666666666,1.1333333333333333,-0.2666666666666666,-0.3999999999999999,-0.4666666666666667
2025-12-13,Arsenal,Wolves,15,28,9,33,15,8,33,2,H,1.8666666666666667,0.6,0.5333333333333333,2.2,2.2,0.13333333333333333,1.3333333333333335,1.6,2.066666666666667
2025-12-13,Chelsea,Everton,15,25,15,25,15,18,17,24,H,1.6666666666666667,1.0,1.2,1.1333333333333333,1.6666666666666667,1.6,0.4666666666666668,0.1333333333333333,0.06666666666666665
2025-12-13,Liverpool,Brighton,15,24,24,23,15,25,21,23,H,1.6,1.6,1.6666666666666667,1.4,1.5333333333333334,1.5333333333333334,-0.06666666666666665,-0.20000000000000018,0.0
2025-12-14,Crystal Palace,Man City,15,20,12,26,15,35,16,31,A,1.3333333333333333,0.8,2.3333333333333335,1.0666666666666667,1.7333333333333334,2.066666666666667,-1.0000000000000002,0.2666666666666666,-0.3333333333333335
2025-12-14,Nott'm Forest,Tottenham,15,14,25,15,15,25,18,22,H,0.9333333333333333,1.6666666666666667,1.6666666666666667,1.2,1.0,1.4666666666666666,-0.7333333333333334,-0.4666666666666668,-0.46666666666666656
2025-12-14,Sunderland,Newcastle,15,18,17,23,15,21,19,22,H,1.2,1.1333333333333333,1.4,1.2666666666666666,1.5333333333333334,1.4666666666666666,-0.19999999999999996,0.1333333333333333,0.06666666666666687
2025-12-14,West Ham,Aston Villa,15,17,29,13,15,22,15,30,A,1.1333333333333333,1.9333333333333333,1.4666666666666666,1.0,0.8666666666666667,2.0,-0.33333333333333326,-0.9333333333333333,-1.1333333333333333
2025-12-14,Brentford,Leeds,15,21,24,19,15,19,29,15,D,1.4,1.6,1.2666666666666666,1.9333333333333333,1.2666666666666666,1.0,0.1333333333333333,0.33333333333333326,0.2666666666666666
2025-12-15,Man United,Bournemouth,15,26,22,25,15,21,24,20,D,1.7333333333333334,1.4666666666666666,1.4,1.6,1.6666666666666667,1.3333333333333333,0.3333333333333335,0.13333333333333353,0.3333333333333335
2025-12-20,Leeds,Crystal Palace,16,20,30,16,16,20,15,26,H,1.25,1.875,1.25,0.9375,1.0,1.625,0.0,-0.9375,-0.625
2025-12-20,Everton,Arsenal,16,18,19,24,16,30,10,36,A,1.125,1.1875,1.875,0.625,1.5,2.25,-0.75,-0.5625,-0.75
2025-12-20,Wolves,Brentford,16,9,35,2,16,22,25,20,A,0.5625,2.1875,1.375,1.5625,0.125,1.25,-0.8125,-0.625,-1.125
2025-12-20,Tottenham,Liverpool,16,25,21,22,16,26,24,26,A,1.5625,1.3125,1.625,1.5,1.375,1.625,-0.0625,0.1875,-0.25
2025-12-20,Brighton,Sunderland,16,25,23,23,16,19,17,26,D,1.5625,1.4375,1.1875,1.0625,1.4375,1.625,0.375,-0.375,-0.1875
2025-12-20,Bournemouth,Burnley,16,25,28,21,16,18,33,10,D,1.5625,1.75,1.125,2.0625,1.3125,0.625,0.4375,0.3125,0.6875
2025-12-20,Newcastle,Chelsea,16,21,20,22,16,27,15,28,D,1.3125,1.25,1.6875,0.9375,1.375,1.75,-0.375,-0.3125,-0.375
2025-12-20,Man City,West Ham,16,38,16,34,16,19,32,13,H,2.375,1.0,1.1875,2.0,2.125,0.8125,1.1875,1.0,1.3125
2025-12-21,Aston Villa,Man United,16,25,17,33,16,30,26,26,H,1.5625,1.0625,1.875,1.625,2.0625,1.625,-0.3125,0.5625,0.4375
2025-12-22,Fulham,Nott'm Forest,16,23,26,20,16,17,25,18,H,1.4375,1.625,1.0625,1.5625,1.25,1.125,0.375,-0.0625,0.125
2025-12-26,Man United,Newcastle,17,31,28,26,17,23,22,23,H,1.8235294117647058,1.6470588235294117,1.3529411764705883,1.2941176470588236,1.5294117647058822,1.3529411764705883,0.47058823529411753,-0.3529411764705881,0.17647058823529393
2025-12-27,Chelsea,Aston Villa,17,29,17,29,17,27,18,36,A,1.7058823529411764,1.0,1.588235294117647,1.0588235294117647,1.7058823529411764,2.1176470588235294,0.11764705882352944,0.05882352941176472,-0.41176470588235303
2025-12-27,West Ham,Fulham,17,19,35,13,17,24,26,23,A,1.1176470588235294,2.0588235294117645,1.411764705882353,1.5294117647058822,0.7647058823529411,1.3529411764705883,-0.2941176470588236,-0.5294117647058822,-0.5882352941176472
2025-12-27,Burnley,Everton,17,19,34,11,17,18,20,24,D,1.1176470588235294,2.0,1.0588235294117647,1.1764705882352942,0.6470588235294118,1.411764705882353,0.05882352941176472,-0.8235294117647058,-0.7647058823529412
2025-12-27,Liverpool,Wolves,17,28,25,29,17,9,37,2,H,1.6470588235294117,1.4705882352941178,0.5294117647058824,2.176470588235294,1.7058823529411764,0.11764705882352941,1.1176470588235294,0.7058823529411762,1.588235294117647
2025-12-27,Arsenal,Brighton,17,31,10,39,17,25,23,24,H,1.8235294117647058,0.5882352941176471,1.4705882352941178,1.3529411764705883,2.2941176470588234,1.411764705882353,0.3529411764705881,0.7647058823529412,0.8823529411764703
2025-12-27,Nott'm Forest,Man City,17,17,26,18,17,41,16,37,A,1.0,1.5294117647058822,2.411764705882353,0.9411764705882353,1.0588235294117647,2.176470588235294,-1.4117647058823528,-0.588235294117647,-1.1176470588235292
2025-12-27,Brentford,Bournemouth,17,24,25,23,17,26,29,22,H,1.411764705882353,1.4705882352941178,1.5294117647058822,1.7058823529411764,1.3529411764705883,1.2941176470588236,-0.11764705882352922,0.23529411764705865,0.05882352941176472
2025-12-28,Sunderland,Leeds,17,19,17,27,17,24,31,19,D,1.1176470588235294,1.0,1.411764705882353,1.8235294117647058,1.588235294117647,1.1176470588235294,-0.2941176470588236,0.8235294117647058,0.47058823529411753
2025-12-28,Crystal Palace,Tottenham,17,21,19,26,17,26,23,22,A,1.2352941176470589,1.1176470588235294,1.5294117647058822,1.3529411764705883,1.5294117647058822,1.2941176470588236,-0.2941176470588234,0.23529411764705888,0.23529411764705865
2025-12-30,Man United,Wolves,18,32,28,29,18,10,39,2,D,1.7777777777777777,1.5555555555555556,0.5555555555555556,2.1666666666666665,1.6111111111111112,0.1111111111111111,1.222222222222222,0.6111111111111109,1.5
2025-12-30,Burnley,Newcastle,18,19,34,12,18,23,23,23,A,1.0555555555555556,1.8888888888888888,1.2777777777777777,1.2777777777777777,0.6666666666666666,1.2777777777777777,-0.2222222222222221,-0.6111111111111112,-0.611111111111111
2025-12-30,Chelsea,Bournemouth,18,30,19,29,18,27,33,22,D,1.6666666666666667,1.0555555555555556,1.5,1.8333333333333333,1.6111111111111112,1.2222222222222223,0.16666666666666674,0.7777777777777777,0.38888888888888884
2025-12-30,Nott'm Forest,Everton,18,18,28,18,18,18,20,25,A,1.0,1.5555555555555556,1.0,1.1111111111111112,1.0,1.3888888888888888,0.0,-0.4444444444444444,-0.38888888888888884
2025-12-30,West Ham,Brighton,18,19,36,13,18,26,25,24,D,1.0555555555555556,2.0,1.4444444444444444,1.3888888888888888,0.7222222222222222,1.3333333333333333,-0.38888888888888884,-0.6111111111111112,-0.611111111111111
2025-12-30,Arsenal,Aston Villa,18,33,11,42,18,29,19,39,H,1.8333333333333333,0.6111111111111112,1.6111111111111112,1.0555555555555556,2.3333333333333335,2.1666666666666665,0.2222222222222221,0.4444444444444444,0.16666666666666696
2026-01-01,Brentford,Tottenham,18,28,26,26,18,27,23,25,D,1.5555555555555556,1.4444444444444444,1.5,1.2777777777777777,1.4444444444444444,1.3888888888888888,0.05555555555555558,-0.16666666666666674,0.05555555555555558
2026-01-01,Sunderland,Man City,18,20,18,28,18,43,17,40,D,1.1111111111111112,1.0,2.388888888888889,0.9444444444444444,1.5555555555555556,2.2222222222222223,-1.2777777777777777,-0.05555555555555558,-0.6666666666666667
2026-01-01,Crystal Palace,Fulham,18,21,20,26,18,25,26,26,D,1.1666666666666667,1.1111111111111112,1.3888888888888888,1.4444444444444444,1.4444444444444444,1.4444444444444444,-0.2222222222222221,0.33333333333333326,0.0
2026-01-01,Liverpool,Leeds,18,30,26,32,18,25,32,20,D,1.6666666666666667,1.4444444444444444,1.3888888888888888,1.7777777777777777,1.7777777777777777,1.1111111111111112,0.2777777777777779,0.33333333333333326,0.6666666666666665
2026-01-03,Aston Villa,Nott'm Forest,19,30,23,39,19,18,30,18,H,1.5789473684210527,1.2105263157894737,0.9473684210526315,1.5789473684210527,2.0526315789473686,0.9473684210526315,0.6315789473684211,0.368421052631579,1.1052631578947372
2026-01-03,Brighton,Burnley,19,28,27,25,19,20,37,12,H,1.4736842105263157,1.4210526315789473,1.0526315789473684,1.9473684210526316,1.3157894736842106,0.631578947368421,0.42105263157894735,0.5263157894736843,0.6842105263157896
2026-01-03,Wolves,West Ham,19,11,40,3,19,21,38,14,H,0.5789473684210527,2.1052631578947367,1.105263157894737,2.0,0.15789473684210525,0.7368421052631579,-0.5263157894736843,-0.10526315789473673,-0.5789473684210527
2026-01-03,Bournemouth,Arsenal,19,29,35,23,19,37,12,45,A,1.5263157894736843,1.8421052631578947,1.9473684210526316,0.631578947368421,1.2105263157894737,2.3684210526315788,-0.42105263157894735,-1.2105263157894737,-1.157894736842105
2026-01-04,Leeds,Man United,19,25,32,21,19,33,29,30,D,1.3157894736842106,1.6842105263157894,1.736842105263158,1.5263157894736843,1.105263157894737,1.5789473684210527,-0.42105263157894735,-0.1578947368421051,-0.4736842105263157
2026-01-04,Everton,Brentford,19,20,20,28,19,28,26,27,A,1.0526315789473684,1.0526315789473684,1.4736842105263157,1.368421052631579,1.4736842105263157,1.4210526315789473,-0.42105263157894735,0.3157894736842106,0.05263157894736836
2026-01-04,Newcastle,Crystal Palace,19,26,24,26,19,22,21,27,H,1.368421052631579,1.263157894736842,1.1578947368421053,1.105263157894737,1.368421052631579,1.4210526315789473,0.21052631578947367,-0.1578947368421051,-0.05263157894736836
2026-01-04,Tottenham,Sunderland,19,27,23,26,19,20,18,29,D,1.4210526315789473,1.2105263157894737,1.0526315789473684,0.9473684210526315,1.368421052631579,1.5263157894736843,0.368421052631579,-0.26315789473684215,-0.1578947368421053
2026-01-04,Fulham,Liverpool,19,26,27,27,19,30,26,33,D,1.368421052631579,1.4210526315789473,1.5789473684210527,1.368421052631579,1.4210526315789473,1.736842105263158,-0.21052631578947367,-0.05263157894736836,-0.3157894736842106
2026-01-04,Man City,Chelsea,19,43,17,41,19,32,21,30,D,2.263157894736842,0.8947368421052632,1.6842105263157894,1.105263157894737,2.1578947368421053,1.5789473684210527,0.5789473684210527,0.21052631578947378,0.5789473684210527
2026-01-06,West Ham,Nott'm Forest,20,21,41,14,20,19,33,18,A,1.05,2.05,0.95,1.65,0.7,0.9,0.10000000000000009,-0.3999999999999999,-0.20000000000000007
2026-01-07,Newcastle,Leeds,20,28,24,29,20,26,33,22,H,1.4,1.2,1.3,1.65,1.45,1.1,0.09999999999999987,0.44999999999999996,0.34999999999999987
2026-01-07,Burnley,Man United,20,20,39,12,20,34,30,31,D,1.0,1.95,1.7,1.5,0.6,1.55,-0.7,-0.44999999999999996,-0.9500000000000001
2026-01-07,Man City,Brighton,20,44,18,42,20,30,27,28,D,2.2,0.9,1.5,1.35,2.1,1.4,0.7000000000000002,0.45000000000000007,0.7000000000000002
2026-01-07,Fulham,Chelsea,20,28,29,28,20,33,22,31,H,1.4,1.45,1.65,1.1,1.4,1.55,-0.25,-0.34999999999999987,-0.15000000000000013
2026-01-07,Bournemouth,Tottenham,20,31,38,23,20,28,24,27,H,1.55,1.9,1.4,1.2,1.15,1.35,0.15000000000000013,-0.7,-0.20000000000000018
2026-01-07,Crystal Palace,Aston Villa,20,22,23,27,20,33,24,42,D,1.1,1.15,1.65,1.2,1.35,2.1,-0.5499999999999998,0.050000000000000044,-0.75
2026-01-07,Brentford,Sunderland,20,32,28,30,20,21,19,30,H,1.6,1.4,1.05,0.95,1.5,1.5,0.55,-0.44999999999999996,0.0
2026-01-07,Everton,Wolves,20,22,24,28,20,14,40,6,D,1.1,1.2,0.7,2.0,1.4,0.3,0.40000000000000013,0.8,1.0999999999999999
2026-01-08,Arsenal,Liverpool,20,40,14,48,20,32,28,34,D,2.0,0.7,1.6,1.4,2.4,1.7,0.3999999999999999,0.7,0.7
2026-01-17,Tottenham,West Ham,21,30,27,27,21,22,43,14,A,1.4285714285714286,1.2857142857142858,1.0476190476190477,2.0476190476190474,1.2857142857142858,0.6666666666666666,0.38095238095238093,0.7619047619047616,0.6190476190476192
2026-01-17,Nott'm Forest,Arsenal,21,21,34,21,21,40,14,49,D,1.0,1.619047619047619,1.9047619047619047,0.6666666666666666,1.0,2.3333333333333335,-0.9047619047619047,-0.9523809523809524,-1.3333333333333335
2026-01-17,Sunderland,Crystal Palace,21,21,22,30,21,22,23,28,H,1.0,1.0476190476190477,1.0476190476190477,1.0952380952380953,1.4285714285714286,1.3333333333333333,-0.04761904761904767,0.04761904761904767,0.09523809523809534
2026-01-17,Man United,Man City,21,36,32,32,21,45,19,43,H,1.7142857142857142,1.5238095238095237,2.142857142857143,0.9047619047619048,1.5238095238095237,2.0476190476190474,-0.4285714285714286,-0.619047619047619,-0.5238095238095237
2026-01-17,Leeds,Fulham,21,29,37,22,21,30,30,31,H,1.380952380952381,1.7619047619047619,1.4285714285714286,1.4285714285714286,1.0476190476190477,1.4761904761904763,-0.04761904761904767,-0.33333333333333326,-0.4285714285714286
2026-01-17,Chelsea,Brentford,21,34,24,31,21,35,28,33,H,1.619047619047619,1.1428571428571428,1.6666666666666667,1.3333333333333333,1.4761904761904763,1.5714285714285714,-0.04761904761904767,0.19047619047619047,-0.09523809523809512
2026-01-17,Liverpool,Burnley,21,32,28,35,21,22,41,13,D,1.5238095238095237,1.3333333333333333,1.0476190476190477,1.9523809523809523,1.6666666666666667,0.6190476190476191,0.47619047619047605,0.6190476190476191,1.0476190476190477
2026-01-18,Wolves,Newcastle,21,15,41,7,21,32,27,32,D,0.7142857142857143,1.9523809523809523,1.5238095238095237,1.2857142857142858,0.3333333333333333,1.5238095238095237,-0.8095238095238094,-0.6666666666666665,-1.1904761904761905
2026-01-18,Aston Villa,Everton,21,33,24,43,21,23,25,29,A,1.5714285714285714,1.1428571428571428,1.0952380952380953,1.1904761904761905,2.0476190476190474,1.380952380952381,0.47619047619047605,0.04761904761904767,0.6666666666666665
2026-01-19,Brighton,Bournemouth,21,31,28,29,21,34,40,26,D,1.4761904761904763,1.3333333333333333,1.619047619047619,1.9047619047619047,1.380952380952381,1.2380952380952381,-0.1428571428571428,0.5714285714285714,0.1428571428571428
2026-01-24,Bournemouth,Liverpool,22,35,41,27,22,33,29,36,H,1.5909090909090908,1.8636363636363635,1.5,1.3181818181818181,1.2272727272727273,1.6363636363636365,0.09090909090909083,-0.5454545454545454,-0.40909090909090917
2026-01-24,Man City,Wolves,22,45,21,43,22,15,41,8,H,2.0454545454545454,0.9545454545454546,0.6818181818181818,1.8636363636363635,1.9545454545454546,0.36363636363636365,1.3636363636363638,0.909090909090909,1.5909090909090908
2026-01-24,Fulham,Brighton,22,30,31,31,22,32,29,30,H,1.3636363636363635,1.4090909090909092,1.4545454545454546,1.3181818181818181,1.4090909090909092,1.3636363636363635,-0.09090909090909105,-0.09090909090909105,0.045454545454545636
2026-01-24,West Ham,Sunderland,22,24,44,17,22,23,23,33,H,1.0909090909090908,2.0,1.0454545454545454,1.0454545454545454,0.7727272727272727,1.5,0.045454545454545414,-0.9545454545454546,-0.7272727272727273
2026-01-24,Burnley,Tottenham,22,23,42,14,22,31,29,27,D,1.0454545454545454,1.9090909090909092,1.4090909090909092,1.3181818181818181,0.6363636363636364,1.2272727272727273,-0.36363636363636376,-0.590909090909091,-0.5909090909090909
2026-01-25,Brentford,Nott'm Forest,22,35,30,33,22,21,34,22,A,1.5909090909090908,1.3636363636363635,0.9545454545454546,1.5454545454545454,1.5,1.0,0.6363636363636362,0.18181818181818188,0.5
2026-01-25,Crystal Palace,Chelsea,22,23,25,28,22,36,24,34,A,1.0454545454545454,1.1363636363636365,1.6363636363636365,1.0909090909090908,1.2727272727272727,1.5454545454545454,-0.590909090909091,-0.045454545454545636,-0.2727272727272727
2026-01-25,Newcastle,Aston Villa,22,32,27,33,22,33,25,43,A,1.4545454545454546,1.2272727272727273,1.5,1.1363636363636365,1.5,1.9545454545454546,-0.045454545454545414,-0.09090909090909083,-0.4545454545454546
2026-01-25,Arsenal,Man United,22,40,14,50,22,38,32,35,A,1.8181818181818181,0.6363636363636364,1.7272727272727273,1.4545454545454546,2.272727272727273,1.5909090909090908,0.09090909090909083,0.8181818181818182,0.6818181818181821
2026-01-26,Everton,Leeds,22,24,25,32,22,30,37,25,D,1.0909090909090908,1.1363636363636365,1.3636363636363635,1.6818181818181819,1.4545454545454546,1.1363636363636365,-0.2727272727272727,0.5454545454545454,0.3181818181818181
2026-01-31,Chelsea,West Ham,23,39,25,37,23,27,45,20,H,1.6956521739130435,1.0869565217391304,1.173913043478261,1.9565217391304348,1.608695652173913,0.8695652173913043,0.5217391304347825,0.8695652173913044,0.7391304347826088
2026-01-31,Wolves,Bournemouth,23,15,43,8,23,38,43,30,A,0.6521739130434783,1.8695652173913044,1.6521739130434783,1.8695652173913044,0.34782608695652173,1.3043478260869565,-1.0,0.0,-0.9565217391304348
2026-01-31,Liverpool,Newcastle,23,35,32,36,23,32,29,33,H,1.5217391304347827,1.391304347826087,1.391304347826087,1.2608695652173914,1.565217391304348,1.434782608695652,0.1304347826086958,-0.13043478260869557,0.1304347826086958
2026-01-31,Brighton,Everton,23,33,31,30,23,25,26,33,D,1.434782608695652,1.3478260869565217,1.0869565217391304,1.1304347826086956,1.3043478260869565,1.434782608695652,0.34782608695652173,-0.21739130434782616,-0.13043478260869557
2026-01-31,Leeds,Arsenal,23,31,38,26,23,42,17,50,A,1.3478260869565217,1.6521739130434783,1.826086956521739,0.7391304347826086,1.1304347826086956,2.1739130434782608,-0.4782608695652173,-0.9130434782608696,-1.0434782608695652
2026-02-01,Tottenham,Man City,23,33,31,28,23,47,21,46,D,1.434782608695652,1.3478260869565217,2.0434782608695654,0.9130434782608695,1.2173913043478262,2.0,-0.6086956521739133,-0.4347826086956522,-0.7826086956521738
2026-02-01,Nott'm Forest,Crystal Palace,23,23,34,25,23,24,28,28,D,1.0,1.4782608695652173,1.0434782608695652,1.2173913043478262,1.0869565217391304,1.2173913043478262,-0.04347826086956519,-0.26086956521739113,-0.1304347826086958
2026-02-01,Aston Villa,Brentford,23,35,25,46,23,35,32,33,A,1.5217391304347827,1.0869565217391304,1.5217391304347827,1.391304347826087,2.0,1.434782608695652,0.0,0.30434782608695654,0.5652173913043479
2026-02-01,Man United,Fulham,23,41,34,38,23,32,32,34,H,1.7826086956521738,1.4782608695652173,1.391304347826087,1.391304347826087,1.6521739130434783,1.4782608695652173,0.3913043478260869,-0.08695652173913038,0.17391304347826098
2026-02-02,Sunderland,Burnley,23,24,26,33,23,25,44,15,H,1.0434782608695652,1.1304347826086956,1.0869565217391304,1.9130434782608696,1.434782608695652,0.6521739130434783,-0.04347826086956519,0.7826086956521741,0.7826086956521738
2026-02-06,Leeds,Nott'm Forest,24,31,42,26,24,24,35,26,H,1.2916666666666667,1.75,1.0,1.4583333333333333,1.0833333333333333,1.0833333333333333,0.29166666666666674,-0.29166666666666674,0.0
2026-02-07,Wolves,Chelsea,24,15,45,8,24,42,27,40,A,0.625,1.875,1.75,1.125,0.3333333333333333,1.6666666666666667,-1.125,-0.75,-1.3333333333333335
2026-02-07,Man United,Tottenham,24,44,36,41,24,35,33,29,H,1.8333333333333333,1.5,1.4583333333333333,1.375,1.7083333333333333,1.2083333333333333,0.375,-0.125,0.5
2026-02-07,Arsenal,Sunderland,24,46,17,53,24,27,26,36,H,1.9166666666666667,0.7083333333333334,1.125,1.0833333333333333,2.2083333333333335,1.5,0.7916666666666667,0.3749999999999999,0.7083333333333335
2026-02-07,Bournemouth,Aston Villa,24,40,43,33,24,35,26,46,D,1.6666666666666667,1.7916666666666667,1.4583333333333333,1.0833333333333333,1.375,1.9166666666666667,0.20833333333333348,-0.7083333333333335,-0.5416666666666667
2026-02-07,Burnley,West Ham,24,25,47,15,24,29,48,20,A,1.0416666666666667,1.9583333333333333,1.2083333333333333,2.0,0.625,0.8333333333333334,-0.16666666666666652,0.04166666666666674,-0.20833333333333337
2026-02-07,Fulham,Everton,24,34,35,34,24,26,27,34,A,1.4166666666666667,1.4583333333333333,1.0833333333333333,1.125,1.4166666666666667,1.4166666666666667,0.3333333333333335,-0.33333333333333326,0.0
2026-02-07,Newcastle,Brentford,24,33,33,33,24,36,32,36,A,1.375,1.375,1.5,1.3333333333333333,1.375,1.5,-0.125,-0.04166666666666674,-0.125
2026-02-08,Liverpool,Man City,24,39,33,39,24,49,23,47,A,1.625,1.375,2.0416666666666665,0.9583333333333334,1.625,1.9583333333333333,-0.4166666666666665,-0.41666666666666663,-0.33333333333333326
2026-02-08,Brighton,Crystal Palace,24,34,32,31,24,25,29,29,A,1.4166666666666667,1.3333333333333333,1.0416666666666667,1.2083333333333333,1.2916666666666667,1.2083333333333333,0.375,-0.125,0.08333333333333348
2026-02-10,Chelsea,Leeds,25,45,28,43,25,34,43,29,D,1.8,1.12,1.36,1.72,1.72,1.16,0.43999999999999995,0.5999999999999999,0.56
2026-02-10,Everton,Bournemouth,25,28,28,37,25,41,44,34,A,1.12,1.12,1.64,1.76,1.48,1.36,-0.5199999999999998,0.6399999999999999,0.11999999999999988
2026-02-10,Tottenham,Newcastle,25,35,35,29,25,35,36,33,A,1.4,1.4,1.4,1.44,1.16,1.32,0.0,0.040000000000000036,-0.16000000000000014
2026-02-10,West Ham,Man United,25,31,48,23,25,46,36,44,D,1.24,1.92,1.84,1.44,0.92,1.76,-0.6000000000000001,-0.48,-0.84
2026-02-11,Man City,Fulham,25,51,24,50,25,35,37,34,H,2.04,0.96,1.4,1.48,2.0,1.36,0.6400000000000001,0.52,0.6399999999999999
2026-02-11,Nott'm Forest,Wolves,25,25,38,26,25,16,48,8,D,1.0,1.52,0.64,1.92,1.04,0.32,0.36,0.3999999999999999,0.72
2026-02-11,Aston Villa,Brighton,25,36,27,47,25,34,33,31,H,1.44,1.08,1.36,1.32,1.88,1.24,0.07999999999999985,0.24,0.6399999999999999
2026-02-11,Crystal Palace,Burnley,25,26,29,32,25,25,49,15,A,1.04,1.16,1.0,1.96,1.28,0.6,0.040000000000000036,0.8,0.68
2026-02-11,Sunderland,Liverpool,25,27,29,36,25,40,35,39,A,1.08,1.16,1.6,1.4,1.44,1.56,-0.52,0.24,-0.1200000000000001
2026-02-12,Brentford,Arsenal,25,39,34,39,25,49,17,56,D,1.56,1.36,1.96,0.68,1.56,2.24,-0.3999999999999999,-0.68,-0.6800000000000002
2026-02-18,Wolves,Arsenal,26,16,48,9,26,50,18,57,D,0.6153846153846154,1.8461538461538463,1.9230769230769231,0.6923076923076923,0.34615384615384615,2.1923076923076925,-1.3076923076923077,-1.153846153846154,-1.8461538461538463
2026-02-21,Aston Villa,Leeds,26,37,27,50,26,36,45,30,D,1.4230769230769231,1.0384615384615385,1.3846153846153846,1.7307692307692308,1.9230769230769231,1.1538461538461537,0.03846153846153855,0.6923076923076923,0.7692307692307694
2026-02-21,Brentford,Brighton,26,40,35,40,26,34,34,31,A,1.5384615384615385,1.3461538461538463,1.3076923076923077,1.3076923076923077,1.5384615384615385,1.1923076923076923,0.23076923076923084,-0.03846153846153855,0.34615384615384626
2026-02-21,Chelsea,Burnley,26,47,30,44,26,28,51,18,D,1.8076923076923077,1.1538461538461537,1.0769230769230769,1.9615384615384615,1.6923076923076923,0.6923076923076923,0.7307692307692308,0.8076923076923077,1.0
2026-02-21,West Ham,Bournemouth,26,32,49,24,26,43,45,37,D,1.2307692307692308,1.8846153846153846,1.6538461538461537,1.7307692307692308,0.9230769230769231,1.4230769230769231,-0.4230769230769229,-0.15384615384615374,-0.5
2026-02-21,Man City,Newcastle,26,54,24,53,26,37,37,36,H,2.076923076923077,0.9230769230769231,1.4230769230769231,1.4230769230769231,2.0384615384615383,1.3846153846153846,0.653846153846154,0.5,0.6538461538461537
2026-02-22,Crystal Palace,Wolves,26,28,32,32,27,18,50,10,H,1.0769230769230769,1.2307692307692308,0.6666666666666666,1.8518518518518519,1.2307692307692308,0.37037037037037035,0.41025641025641024,0.621082621082621,0.8603988603988605
2026-02-22,Nott'm Forest,Liverpool,26,25,38,27,26,41,35,42,A,0.9615384615384616,1.4615384615384615,1.5769230769230769,1.3461538461538463,1.0384615384615385,1.6153846153846154,-0.6153846153846153,-0.1153846153846152,-0.5769230769230769
2026-02-22,Sunderland,Fulham,26,27,30,36,26,35,40,34,A,1.0384615384615385,1.1538461538461537,1.3461538461538463,1.5384615384615385,1.3846153846153846,1.3076923076923077,-0.3076923076923077,0.3846153846153848,0.07692307692307687
2026-02-22,Tottenham,Arsenal,26,36,37,29,27,52,20,58,A,1.3846153846153846,1.4230769230769231,1.9259259259259258,0.7407407407407407,1.1153846153846154,2.1481481481481484,-0.5413105413105412,-0.6823361823361824,-1.032763532763533
2026-02-23,Everton,Man United,26,29,30,37,26,47,37,45,A,1.1153846153846154,1.1538461538461537,1.8076923076923077,1.4230769230769231,1.4230769230769231,1.7307692307692308,-0.6923076923076923,0.2692307692307694,-0.3076923076923077
2026-02-27,Wolves,Aston Villa,28,18,51,10,27,38,28,51,H,0.6428571428571429,1.8214285714285714,1.4074074074074074,1.037037037037037,0.35714285714285715,1.8888888888888888,-0.7645502645502645,-0.7843915343915344,-1.5317460317460316
2026-02-28,Bournemouth,Sunderland,27,43,45,38,27,28,33,36,D,1.5925925925925926,1.6666666666666667,1.037037037037037,1.2222222222222223,1.4074074074074074,1.3333333333333333,0.5555555555555556,-0.4444444444444444,0.07407407407407418
2026-02-28,Burnley,Brentford,27,29,52,19,27,40,37,40,A,1.0740740740740742,1.9259259259259258,1.4814814814814814,1.3703703703703705,0.7037037037037037,1.4814814814814814,-0.4074074074074072,-0.5555555555555554,-0.7777777777777777
2026-02-28,Liverpool,West Ham,27,42,35,45,27,32,49,25,H,1.5555555555555556,1.2962962962962963,1.1851851851851851,1.8148148148148149,1.6666666666666667,0.9259259259259259,0.37037037037037046,0.5185185185185186,0.7407407407407408
2026-02-28,Newcastle,Everton,27,38,39,36,27,29,31,37,A,1.4074074074074074,1.4444444444444444,1.0740740740740742,1.1481481481481481,1.3333333333333333,1.3703703703703705,0.33333333333333326,-0.2962962962962963,-0.0370370370370372
2026-02-28,Leeds,Man City,27,37,46,31,27,56,25,56,A,1.3703703703703705,1.7037037037037037,2.074074074074074,0.9259259259259259,1.1481481481481481,2.074074074074074,-0.7037037037037035,-0.7777777777777778,-0.9259259259259258
2026-03-01,Brighton,Nott'm Forest,27,36,34,34,27,25,39,27,H,1.3333333333333333,1.2592592592592593,0.9259259259259259,1.4444444444444444,1.2592592592592593,1.0,0.40740740740740733,0.18518518518518512,0.2592592592592593
2026-03-01,Fulham,Tottenham,27,38,41,37,27,37,41,29,H,1.4074074074074074,1.5185185185185186,1.3703703703703705,1.5185185185185186,1.3703703703703705,1.0740740740740742,0.03703703703703698,0.0,0.2962962962962963
2026-03-01,Man United,Crystal Palace,27,48,37,48,27,29,32,35,H,1.7777777777777777,1.3703703703703705,1.0740740740740742,1.1851851851851851,1.7777777777777777,1.2962962962962963,0.7037037037037035,-0.18518518518518534,0.4814814814814814
2026-03-01,Arsenal,Chelsea,28,56,21,61,27,48,31,45,H,2.0,0.75,1.7777777777777777,1.1481481481481481,2.1785714285714284,1.6666666666666667,0.22222222222222232,0.39814814814814814,0.5119047619047616
2026-03-03,Wolves,Liverpool,29,20,51,13,28,47,37,48,H,0.6896551724137931,1.7586206896551724,1.6785714285714286,1.3214285714285714,0.4482758620689655,1.7142857142857142,-0.9889162561576355,-0.437192118226601,-1.2660098522167487
2026-03-03,Leeds,Sunderland,28,37,47,31,28,29,34,37,A,1.3214285714285714,1.6785714285714286,1.0357142857142858,1.2142857142857142,1.1071428571428572,1.3214285714285714,0.2857142857142856,-0.4642857142857144,-0.2142857142857142
2026-03-03,Bournemouth,Brentford,28,44,46,39,28,44,40,43,D,1.5714285714285714,1.6428571428571428,1.5714285714285714,1.4285714285714286,1.3928571428571428,1.5357142857142858,0.0,-0.2142857142857142,-0.14285714285714302
2026-03-03,Everton,Burnley,28,32,33,40,28,32,56,19,H,1.1428571428571428,1.1785714285714286,1.1428571428571428,2.0,1.4285714285714286,0.6785714285714286,0.0,0.8214285714285714,0.75
2026-03-04,Aston Villa,Chelsea,28,38,30,51,28,49,33,45,A,1.3571428571428572,1.0714285714285714,1.75,1.1785714285714286,1.8214285714285714,1.6071428571428572,-0.3928571428571428,0.1071428571428572,0.2142857142857142
2026-03-04,Brighton,Arsenal,28,38,35,37,29,58,22,64,A,1.3571428571428572,1.25,2.0,0.7586206896551724,1.3214285714285714,2.206896551724138,-0.6428571428571428,-0.4913793103448276,-0.8854679802955665
2026-03-04,Fulham,West Ham,28,40,42,40,28,34,54,25,A,1.4285714285714286,1.5,1.2142857142857142,1.9285714285714286,1.4285714285714286,0.8928571428571429,0.2142857142857144,0.4285714285714286,0.5357142857142857
2026-03-04,Man City,Nott'm Forest,28,57,25,59,28,26,41,27,D,2.0357142857142856,0.8928571428571429,0.9285714285714286,1.4642857142857142,2.107142857142857,0.9642857142857143,1.107142857142857,0.5714285714285713,1.1428571428571428
2026-03-04,Newcastle,Man United,28,40,42,36,28,50,38,51,H,1.4285714285714286,1.5,1.7857142857142858,1.3571428571428572,1.2857142857142858,1.8214285714285714,-0.3571428571428572,-0.1428571428571428,-0.5357142857142856
2026-03-05,Tottenham,Crystal Palace,28,38,43,29,28,30,34,35,A,1.3571428571428572,1.5357142857142858,1.0714285714285714,1.2142857142857142,1.0357142857142858,1.25,0.2857142857142858,-0.3214285714285716,-0.2142857142857142
2026-03-14,West Ham,Man City,29,35,54,28,29,59,27,60,D,1.206896551724138,1.8620689655172413,2.0344827586206895,0.9310344827586207,0.9655172413793104,2.0689655172413794,-0.8275862068965516,-0.9310344827586207,-1.103448275862069
2026-03-14,Arsenal,Everton,30,59,22,67,29,34,33,43,H,1.9666666666666666,0.7333333333333333,1.1724137931034482,1.1379310344827587,2.2333333333333334,1.4827586206896552,0.7942528735632184,0.4045977011494254,0.7505747126436781
2026-03-14,Chelsea,Newcastle,29,53,34,48,29,42,43,39,A,1.8275862068965518,1.1724137931034482,1.4482758620689655,1.4827586206896552,1.6551724137931034,1.3448275862068966,0.3793103448275863,0.3103448275862071,0.31034482758620685
2026-03-14,Burnley,Bournemouth,29,32,58,19,29,44,46,40,D,1.103448275862069,2.0,1.5172413793103448,1.5862068965517242,0.6551724137931034,1.3793103448275863,-0.4137931034482758,-0.4137931034482758,-0.7241379310344829
2026-03-14,Sunderland,Brighton,29,30,34,40,29,38,36,37,A,1.0344827586206897,1.1724137931034482,1.3103448275862069,1.2413793103448276,1.3793103448275863,1.2758620689655173,-0.2758620689655171,0.06896551724137945,0.10344827586206895
2026-03-15,Crystal Palace,Leeds,29,33,35,38,29,37,48,31,D,1.1379310344827587,1.206896551724138,1.2758620689655173,1.6551724137931034,1.3103448275862069,1.0689655172413792,-0.13793103448275867,0.4482758620689655,0.24137931034482762
2026-03-15,Man United,Aston Villa,29,51,40,51,29,39,34,51,H,1.7586206896551724,1.3793103448275863,1.3448275862068966,1.1724137931034482,1.7586206896551724,1.7586206896551724,0.4137931034482758,-0.20689655172413812,0.0
2026-03-15,Nott'm Forest,Fulham,29,28,43,28,29,40,43,40,D,0.9655172413793104,1.4827586206896552,1.3793103448275863,1.4827586206896552,0.9655172413793104,1.3793103448275863,-0.4137931034482759,0.0,-0.4137931034482759
2026-03-15,Liverpool,Tottenham,29,48,39,48,29,39,46,29,D,1.6551724137931034,1.3448275862068966,1.3448275862068966,1.5862068965517242,1.6551724137931034,1.0,0.31034482758620685,0.24137931034482762,0.6551724137931034
2026-03-16,Brentford,Wolves,29,44,40,44,30,22,52,16,D,1.5172413793103448,1.3793103448275863,0.7333333333333333,1.7333333333333334,1.5172413793103448,0.5333333333333333,0.7839080459770115,0.3540229885057471,0.9839080459770114
2026-03-20,Bournemouth,Man United,30,44,46,41,30,54,41,54,D,1.4666666666666666,1.5333333333333334,1.8,1.3666666666666667,1.3666666666666667,1.8,-0.3333333333333335,-0.16666666666666674,-0.43333333333333335
2026-03-21,Leeds,Brentford,30,37,48,32,30,46,42,45,D,1.2333333333333334,1.6,1.5333333333333334,1.4,1.0666666666666667,1.5,-0.30000000000000004,-0.20000000000000018,-0.43333333333333335
2026-03-21,Brighton,Liverpool,30,39,36,40,30,49,40,49,H,1.3,1.2,1.6333333333333333,1.3333333333333333,1.3333333333333333,1.6333333333333333,-0.33333333333333326,0.1333333333333333,-0.30000000000000004
2026-03-21,Fulham,Burnley,30,40,43,41,30,32,58,20,H,1.3333333333333333,1.4333333333333333,1.0666666666666667,1.9333333333333333,1.3666666666666667,0.6666666666666666,0.2666666666666666,0.5,0.7000000000000001
2026-03-21,Everton,Chelsea,30,34,35,43,30,53,35,48,H,1.1333333333333333,1.1666666666666667,1.7666666666666666,1.1666666666666667,1.4333333333333333,1.6,-0.6333333333333333,0.0,-0.16666666666666674
2026-03-22,Tottenham,Nott'm Forest,30,40,47,30,30,28,43,29,A,1.3333333333333333,1.5666666666666667,0.9333333333333333,1.4333333333333333,1.0,0.9666666666666667,0.3999999999999999,-0.1333333333333333,0.033333333333333326
2026-03-22,Newcastle,Sunderland,30,43,43,42,30,30,35,40,A,1.4333333333333333,1.4333333333333333,1.0,1.1666666666666667,1.4,1.3333333333333333,0.43333333333333335,-0.2666666666666666,0.06666666666666665
2026-03-22,Aston Villa,West Ham,30,40,37,51,30,36,55,29,H,1.3333333333333333,1.2333333333333334,1.2,1.8333333333333333,1.7,0.9666666666666667,0.1333333333333333,0.5999999999999999,0.7333333333333333
2026-04-10,West Ham,Wolves,31,36,57,29,31,24,54,17,H,1.1612903225806452,1.8387096774193548,0.7741935483870968,1.7419354838709677,0.9354838709677419,0.5483870967741935,0.3870967741935485,-0.09677419354838701,0.3870967741935484
2026-04-11,Arsenal,Bournemouth,31,61,22,70,31,46,48,42,A,1.967741935483871,0.7096774193548387,1.4838709677419355,1.5483870967741935,2.2580645161290325,1.3548387096774193,0.4838709677419355,0.8387096774193548,0.9032258064516132
2026-04-11,Brentford,Everton,31,46,42,46,31,37,35,46,D,1.4838709677419355,1.3548387096774193,1.1935483870967742,1.1290322580645162,1.4838709677419355,1.4838709677419355,0.29032258064516125,-0.22580645161290303,0.0
2026-04-11,Burnley,Brighton,31,33,61,20,31,41,37,43,A,1.064516129032258,1.967741935483871,1.3225806451612903,1.1935483870967742,0.6451612903225806,1.3870967741935485,-0.25806451612903225,-0.7741935483870968,-0.7419354838709679
2026-04-11,Liverpool,Fulham,31,50,42,49,31,43,44,44,H,1.6129032258064515,1.3548387096774193,1.3870967741935485,1.4193548387096775,1.5806451612903225,1.4193548387096775,0.22580645161290303,0.06451612903225823,0.16129032258064502
2026-04-12,Chelsea,Man City,31,53,38,48,30,60,28,61,A,1.7096774193548387,1.2258064516129032,2.0,0.9333333333333333,1.5483870967741935,2.033333333333333,-0.29032258064516125,-0.2924731182795699,-0.4849462365591397
2026-04-12,Crystal Palace,Newcastle,30,33,35,39,31,44,45,42,H,1.1,1.1666666666666667,1.4193548387096775,1.4516129032258065,1.3,1.3548387096774193,-0.3193548387096774,0.28494623655913975,-0.05483870967741922
2026-04-12,Nott'm Forest,Aston Villa,31,31,43,32,31,42,37,54,D,1.0,1.3870967741935485,1.3548387096774193,1.1935483870967742,1.032258064516129,1.7419354838709677,-0.35483870967741926,-0.19354838709677424,-0.7096774193548387
2026-04-12,Sunderland,Tottenham,31,32,36,43,31,40,50,30,H,1.032258064516129,1.1612903225806452,1.2903225806451613,1.6129032258064515,1.3870967741935485,0.967741935483871,-0.25806451612903225,0.4516129032258063,0.4193548387096775
2026-04-13,Man United,Leeds,31,56,43,55,31,37,48,33,A,1.8064516129032258,1.3870967741935485,1.1935483870967742,1.5483870967741935,1.7741935483870968,1.064516129032258,0.6129032258064515,0.16129032258064502,0.7096774193548387
2026-04-18,Brentford,Fulham,32,48,44,47,32,43,46,44,D,1.5,1.375,1.34375,1.4375,1.46875,1.375,0.15625,0.0625,0.09375
2026-04-18,Leeds,Wolves,32,39,49,36,32,24,58,17,H,1.21875,1.53125,0.75,1.8125,1.125,0.53125,0.46875,0.28125,0.59375
2026-04-18,Newcastle,Bournemouth,32,45,47,42,32,48,49,45,A,1.40625,1.46875,1.5,1.53125,1.3125,1.40625,-0.09375,0.0625,-0.09375
2026-04-18,Tottenham,Brighton,32,40,51,30,32,43,37,46,D,1.25,1.59375,1.34375,1.15625,0.9375,1.4375,-0.09375,-0.4375,-0.5
2026-04-18,Chelsea,Man United,32,53,41,48,32,57,45,55,A,1.65625,1.28125,1.78125,1.40625,1.5,1.71875,-0.125,0.125,-0.21875
2026-04-19,Aston Villa,Sunderland,32,43,38,55,32,33,36,46,H,1.34375,1.1875,1.03125,1.125,1.71875,1.4375,0.3125,-0.0625,0.28125
2026-04-19,Everton,Liverpool,32,39,37,47,32,52,42,52,A,1.21875,1.15625,1.625,1.3125,1.46875,1.625,-0.40625,0.15625,-0.15625
2026-04-19,Nott'm Forest,Burnley,32,32,44,33,32,33,63,20,H,1.0,1.375,1.03125,1.96875,1.03125,0.625,-0.03125,0.59375,0.40625
2026-04-19,Man City,Arsenal,31,63,28,64,32,62,24,70,H,2.032258064516129,0.9032258064516129,1.9375,0.75,2.064516129032258,2.1875,0.094758064516129,-0.15322580645161288,-0.12298387096774199
2026-04-20,Crystal Palace,West Ham,31,35,36,42,32,40,57,32,D,1.1290322580645162,1.1612903225806452,1.25,1.78125,1.3548387096774193,1.0,-0.12096774193548376,0.6199596774193548,0.35483870967741926
2026-04-21,Brighton,Chelsea,33,45,39,47,33,53,42,48,H,1.3636363636363635,1.1818181818181819,1.606060606060606,1.2727272727272727,1.4242424242424243,1.4545454545454546,-0.24242424242424243,0.09090909090909083,-0.030303030303030276
2026-04-22,Burnley,Man City,33,34,67,20,32,65,29,67,A,1.0303030303030303,2.0303030303030303,2.03125,0.90625,0.6060606060606061,2.09375,-1.0009469696969697,-1.1240530303030303,-1.487689393939394
2026-04-22,Bournemouth,Leeds,33,50,50,48,33,42,49,39,D,1.5151515151515151,1.5151515151515151,1.2727272727272727,1.4848484848484849,1.4545454545454546,1.1818181818181819,0.24242424242424243,-0.030303030303030276,0.2727272727272727
2026-04-24,Sunderland,Nott'm Forest,33,36,40,46,33,36,45,36,A,1.0909090909090908,1.2121212121212122,1.0909090909090908,1.3636363636363635,1.393939393939394,1.0909090909090908,0.0,0.15151515151515138,0.3030303030303032
2026-04-25,Fulham,Aston Villa,33,43,46,45,33,47,41,58,H,1.303030303030303,1.393939393939394,1.4242424242424243,1.2424242424242424,1.3636363636363635,1.7575757575757576,-0.12121212121212133,-0.1515151515151516,-0.39393939393939403
2026-04-25,Liverpool,Crystal Palace,33,54,43,55,32,35,36,43,H,1.6363636363636365,1.303030303030303,1.09375,1.125,1.6666666666666667,1.34375,0.5426136363636365,-0.17803030303030298,0.32291666666666674
2026-04-25,West Ham,Everton,33,40,57,33,33,40,39,47,H,1.2121212121212122,1.7272727272727273,1.2121212121212122,1.1818181818181819,1.0,1.4242424242424243,0.0,-0.5454545454545454,-0.4242424242424243
2026-04-25,Wolves,Tottenham,33,24,61,17,33,42,53,31,A,0.7272727272727273,1.8484848484848484,1.2727272727272727,1.606060606060606,0.5151515151515151,0.9393939393939394,-0.5454545454545454,-0.24242424242424243,-0.4242424242424243
2026-04-25,Arsenal,Newcastle,33,63,26,70,33,46,49,42,H,1.9090909090909092,0.7878787878787878,1.393939393939394,1.4848484848484849,2.121212121212121,1.2727272727272727,0.5151515151515151,0.696969696969697,0.8484848484848484
2026-04-27,Man United,Brentford,33,58,45,58,33,48,44,48,H,1.7575757575757576,1.3636363636363635,1.4545454545454546,1.3333333333333333,1.7575757575757576,1.4545454545454546,0.303030303030303,-0.030303030303030276,0.303030303030303
2026-05-01,Leeds,Burnley,34,44,51,40,34,34,68,20,H,1.2941176470588236,1.5,1.0,2.0,1.1764705882352942,0.5882352941176471,0.2941176470588236,0.5,0.5882352941176471
2026-05-02,Wolves,Sunderland,34,24,62,17,34,36,45,46,D,0.7058823529411765,1.8235294117647058,1.0588235294117647,1.3235294117647058,0.5,1.3529411764705883,-0.3529411764705882,-0.5,-0.8529411764705883
2026-05-02,Arsenal,Fulham,34,64,26,73,34,44,46,48,H,1.8823529411764706,0.7647058823529411,1.2941176470588236,1.3529411764705883,2.1470588235294117,1.411764705882353,0.588235294117647,0.5882352941176472,0.7352941176470587
2026-05-02,Brentford,West Ham,34,49,46,48,34,42,58,36,H,1.4411764705882353,1.3529411764705883,1.2352941176470589,1.7058823529411764,1.411764705882353,1.0588235294117647,0.2058823529411764,0.3529411764705881,0.3529411764705883
2026-05-02,Newcastle,Brighton,34,46,50,42,34,48,39,50,H,1.3529411764705883,1.4705882352941178,1.411764705882353,1.1470588235294117,1.2352941176470589,1.4705882352941178,-0.05882352941176472,-0.32352941176470607,-0.23529411764705888
2026-05-03,Bournemouth,Crystal Palace,34,52,52,49,33,36,39,43,H,1.5294117647058822,1.5294117647058822,1.0909090909090908,1.1818181818181819,1.4411764705882353,1.303030303030303,0.4385026737967914,-0.34759358288770037,0.1381461675579323
2026-05-03,Man United,Liverpool,34,60,46,61,34,57,44,58,H,1.7647058823529411,1.3529411764705883,1.6764705882352942,1.2941176470588236,1.7941176470588236,1.7058823529411764,0.08823529411764697,-0.05882352941176472,0.08823529411764719
2026-05-03,Aston Villa,Tottenham,34,47,42,58,34,43,53,34,A,1.3823529411764706,1.2352941176470589,1.2647058823529411,1.5588235294117647,1.7058823529411764,1.0,0.11764705882352944,0.32352941176470584,0.7058823529411764
2026-05-04,Chelsea,Nott'm Forest,34,53,45,48,34,41,45,39,A,1.5588235294117647,1.3235294117647058,1.2058823529411764,1.3235294117647058,1.411764705882353,1.1470588235294117,0.3529411764705883,0.0,0.26470588235294135
2026-05-04,Everton,Man City,34,41,41,47,33,66,29,70,D,1.2058823529411764,1.2058823529411764,2.0,0.8787878787878788,1.3823529411764706,2.121212121212121,-0.7941176470588236,-0.3270944741532976,-0.7388591800356505
2026-05-09,Liverpool,Chelsea,35,59,47,58,35,54,48,48,D,1.6857142857142857,1.3428571428571427,1.542857142857143,1.3714285714285714,1.6571428571428573,1.3714285714285714,0.1428571428571428,0.028571428571428692,0.2857142857142858
2026-05-09,Brighton,Wolves,35,49,42,50,35,25,63,18,H,1.4,1.2,0.7142857142857143,1.8,1.4285714285714286,0.5142857142857142,0.6857142857142856,0.6000000000000001,0.9142857142857144
2026-05-09,Fulham,Bournemouth,35,44,49,48,35,55,52,52,A,1.2571428571428571,1.4,1.5714285714285714,1.4857142857142858,1.3714285714285714,1.4857142857142858,-0.3142857142857143,0.08571428571428585,-0.11428571428571432
2026-05-09,Man City,Brentford,34,69,32,71,35,52,46,51,H,2.0294117647058822,0.9411764705882353,1.4857142857142858,1.3142857142857143,2.088235294117647,1.457142857142857,0.5436974789915965,0.373109243697479,0.6310924369747901
2026-05-09,Sunderland,Man United,35,37,46,47,35,63,48,64,D,1.0571428571428572,1.3142857142857143,1.8,1.3714285714285714,1.3428571428571427,1.8285714285714285,-0.7428571428571429,0.05714285714285716,-0.48571428571428577
2026-05-10,Nott'm Forest,Newcastle,35,44,46,42,35,49,51,45,D,1.2571428571428571,1.3142857142857143,1.4,1.457142857142857,1.2,1.2857142857142858,-0.1428571428571428,0.1428571428571428,-0.08571428571428585
2026-05-10,West Ham,Arsenal,35,42,61,36,35,67,26,76,A,1.2,1.7428571428571429,1.9142857142857144,0.7428571428571429,1.0285714285714285,2.1714285714285713,-0.7142857142857144,-1.0,-1.1428571428571428
2026-05-10,Crystal Palace,Everton,34,36,42,43,35,44,44,48,D,1.0588235294117647,1.2352941176470589,1.2571428571428571,1.2571428571428571,1.2647058823529411,1.3714285714285714,-0.1983193277310924,0.02184873949579824,-0.10672268907563032
2026-05-10,Burnley,Aston Villa,35,35,71,20,35,48,44,58,D,1.0,2.0285714285714285,1.3714285714285714,1.2571428571428571,0.5714285714285714,1.6571428571428573,-0.37142857142857144,-0.7714285714285714,-1.0857142857142859
2026-05-11,Tottenham,Leeds,35,45,54,37,35,47,52,43,D,1.2857142857142858,1.542857142857143,1.3428571428571427,1.4857142857142858,1.0571428571428572,1.2285714285714286,-0.05714285714285694,-0.05714285714285716,-0.17142857142857149
2026-05-13,Man City,Crystal Palace,35,72,32,74,35,38,44,44,H,2.057142857142857,0.9142857142857143,1.0857142857142856,1.2571428571428571,2.1142857142857143,1.2571428571428571,0.9714285714285713,0.34285714285714286,0.8571428571428572
2026-05-15,Aston Villa,Liverpool,36,50,46,59,36,60,48,59,H,1.3888888888888888,1.2777777777777777,1.6666666666666667,1.3333333333333333,1.6388888888888888,1.6388888888888888,-0.2777777777777779,0.05555555555555558,0.0
2026-05-17,Wolves,Fulham,36,25,66,18,36,44,50,48,D,0.6944444444444444,1.8333333333333333,1.2222222222222223,1.3888888888888888,0.5,1.3333333333333333,-0.5277777777777779,-0.4444444444444444,-0.8333333333333333
2026-05-17,Man United,Nott'm Forest,36,63,48,65,36,45,47,43,H,1.75,1.3333333333333333,1.25,1.3055555555555556,1.8055555555555556,1.1944444444444444,0.5,-0.02777777777777768,0.6111111111111112
2026-05-17,Brentford,Crystal Palace,36,52,49,51,36,38,47,44,D,1.4444444444444444,1.3611111111111112,1.0555555555555556,1.3055555555555556,1.4166666666666667,1.2222222222222223,0.38888888888888884,-0.05555555555555558,0.19444444444444442
2026-05-17,Everton,Sunderland,36,46,46,49,36,37,46,48,A,1.2777777777777777,1.2777777777777777,1.0277777777777777,1.2777777777777777,1.3611111111111112,1.3333333333333333,0.25,0.0,0.0277777777777779
2026-05-17,Leeds,Brighton,36,48,53,44,36,52,42,53,H,1.3333333333333333,1.4722222222222223,1.4444444444444444,1.1666666666666667,1.2222222222222223,1.4722222222222223,-0.11111111111111116,-0.3055555555555556,-0.25
2026-05-17,Newcastle,West Ham,36,50,52,46,36,42,62,36,H,1.3888888888888888,1.4444444444444444,1.1666666666666667,1.7222222222222223,1.2777777777777777,1.0,0.2222222222222221,0.2777777777777779,0.2777777777777777
2026-05-18,Arsenal,Burnley,36,68,26,79,36,37,73,21,H,1.8888888888888888,0.7222222222222222,1.0277777777777777,2.0277777777777777,2.1944444444444446,0.5833333333333334,0.8611111111111112,1.3055555555555554,1.6111111111111112
2026-05-19,Bournemouth,Man City,36,56,52,55,36,75,32,77,D,1.5555555555555556,1.4444444444444444,2.0833333333333335,0.8888888888888888,1.5277777777777777,2.138888888888889,-0.5277777777777779,-0.5555555555555556,-0.6111111111111112
2026-05-19,Chelsea,Tottenham,36,55,49,49,36,46,55,38,H,1.5277777777777777,1.3611111111111112,1.2777777777777777,1.5277777777777777,1.3611111111111112,1.0555555555555556,0.25,0.16666666666666652,0.3055555555555556
2026-05-24,Nott'm Forest,Bournemouth,37,47,50,43,37,57,53,56,D,1.2702702702702702,1.3513513513513513,1.5405405405405406,1.4324324324324325,1.162162162162162,1.5135135135135136,-0.2702702702702704,0.08108108108108114,-0.35135135135135154
2026-05-24,Man City,Aston Villa,37,76,33,78,37,54,48,62,A,2.054054054054054,0.8918918918918919,1.4594594594594594,1.2972972972972974,2.108108108108108,1.6756756756756757,0.5945945945945945,0.4054054054054055,0.43243243243243223
2026-05-24,Sunderland,Chelsea,37,40,47,51,37,57,50,52,H,1.0810810810810811,1.2702702702702702,1.5405405405405406,1.3513513513513513,1.3783783783783783,1.4054054054054055,-0.45945945945945943,0.08108108108108114,-0.027027027027027195
2026-05-24,Liverpool,Brentford,37,62,52,59,37,54,51,52,D,1.6756756756756757,1.4054054054054055,1.4594594594594594,1.3783783783783783,1.5945945945945945,1.4054054054054055,0.21621621621621623,-0.027027027027027195,0.18918918918918903
2026-05-24,Tottenham,Everton,37,47,57,38,37,47,49,49,H,1.2702702702702702,1.5405405405405406,1.2702702702702702,1.3243243243243243,1.027027027027027,1.3243243243243243,0.0,-0.21621621621621623,-0.29729729729729737
2026-05-24,Crystal Palace,Arsenal,37,40,49,45,37,69,26,82,A,1.0810810810810811,1.3243243243243243,1.864864864864865,0.7027027027027027,1.2162162162162162,2.2162162162162162,-0.7837837837837838,-0.6216216216216216,-1.0
2026-05-24,Burnley,Wolves,37,37,74,21,37,26,67,19,D,1.0,2.0,0.7027027027027027,1.8108108108108107,0.5675675675675675,0.5135135135135135,0.29729729729729726,-0.18918918918918926,0.05405405405405406
2026-05-24,Brighton,Man United,37,52,43,53,37,66,50,68,A,1.4054054054054055,1.162162162162162,1.7837837837837838,1.3513513513513513,1.4324324324324325,1.837837837837838,-0.3783783783783783,0.18918918918918926,-0.4054054054054055
2026-05-24,Fulham,Newcastle,37,45,51,49,37,53,53,49,H,1.2162162162162162,1.3783783783783783,1.4324324324324325,1.4324324324324325,1.3243243243243243,1.3243243243243243,-0.21621621621621623,0.05405405405405417,0.0
2026-05-24,West Ham,Leeds,37,43,65,36,37,49,53,47,H,1.162162162162162,1.7567567567567568,1.3243243243243243,1.4324324324324325,0.972972972972973,1.2702702702702702,-0.16216216216216228,-0.32432432432432434,-0.29729729729729715
